arcs.from,arcs.to
Fault,F1
Fault,F2
Fault,F3
Fault,F4
Fault,F5
Fault,F6
Fault,F7
Fault,F8
Fault,F9
Fault,F10
Fault,F11
Fault,F12
Fault,F13
Fault,F14
Fault,F15
Fault,F16
Fault,F17
Fault,F18
Fault,F19
Fault,F20
Fault,F21
Fault,F22
Fault,F23
Fault,F24
Fault,F25
Fault,F26
Fault,F27
Fault,F28
Fault,F29
Fault,F30
Fault,F31
Fault,F32
Fault,F33
Fault,F34
Fault,F35
Fault,F36
Fault,F37
Fault,F38
Fault,F40
Fault,F41
Fault,F42
Fault,F43
Fault,F44
Fault,F45
Fault,F46
Fault,F47
Fault,F48
Fault,F49
Fault,F50
Fault,F51
Fault,F52
Fault,F53
Fault,F54
Fault,F55
Fault,F56
Fault,F57
Fault,F58
Fault,F59
Fault,F60
Fault,F61
Fault,F62
Fault,F63
Fault,F64
Fault,F65
Fault,F66
Fault,F67
Fault,F68
Fault,F69
Fault,F70
Fault,F71
Fault,F72
Fault,F73
Fault,F74
Fault,F75
Fault,F76
Fault,F77
Fault,F78
Fault,F79
Fault,F81
Fault,F82
Fault,F83
Fault,F84
Fault,F85
Fault,F86
Fault,F87
Fault,F88
Fault,F89
Fault,F90
Fault,F91
Fault,F92
Fault,F93
Fault,F94
Fault,F95
Fault,F96
Fault,F97
Fault,F98
Fault,F99
Fault,F100
Fault,F101
Fault,F102
Fault,F103
Fault,F104
Fault,F105
Fault,F106
Fault,F107
Fault,F108
F2,F3
F2,F4
F2,F5
F2,F6
F2,F7
F2,F24
F2,F40
F2,F54
F2,F100
F2,F101
F2,F104
F2,F105
F2,F106
F3,F7
F4,F5
F6,F100
F8,F9
F8,F12
F8,F70
F11,F12
F11,F43
F12,F19
F15,F16
F16,F17
F21,F22
F23,F24
F26,F28
F26,F42
F26,F49
F26,F50
F26,F51
F26,F52
F26,F53
F26,F64
F26,F92
F26,F97
F26,F107
F27,F28
F27,F42
F27,F58
F27,F59
F27,F60
F27,F61
F27,F62
F27,F91
F27,F93
F27,F107
F28,F42
F28,F49
F28,F59
F28,F80
F29,F30
F30,F31
F38,F39
F40,F41
F40,F84
F40,F99
F41,F84
F42,F92
F42,F93
F42,F94
F49,F50
F49,F52
F49,F64
F49,F80
F50,F51
F50,F52
F50,F53
F50,F97
F59,F60
F59,F80
F59,F91
F64,F65
F64,F96
F70,F71
F70,F75
F79,F80
F79,F81
F79,F82
F79,F90
F79,F94
F79,F98
F80,F81
F80,F90
F91,F96
F92,F94
F93,F94
F101,F102
F101,F103
