Fault,F1,,,,F
Fault,F4,,,,
Fault,F5,,,,
Fault,F6,,,,
Fault,F7,,,,
Fault,F9,,,,
Fault,F10,,,,
Fault,F12,,,,
Fault,F13,,,,
Fault,F14,,,,
Fault,F18,,,,
Fault,F20,,,,
Fault,F21,,,,
Fault,F22,,,,
Fault,F24,,,,
Fault,F25,,,,
Fault,F29,,,,
Fault,F30,,,,
Fault,F31,,,,
Fault,F32,,,,
Fault,F33,,,,
Fault,F34,,,,
Fault,F35,,,,
Fault,F36,,,,
Fault,F37,,,,
Fault,F38,,,,
Fault,F40,,,,
Fault,F42,,,,
Fault,F43,,,,
Fault,F44,,,,
Fault,F45,,,,
Fault,F46,,,,
Fault,F47,,,,
Fault,F48,,,,
Fault,F49,,,,
Fault,F52,,,,
Fault,F53,,,,
Fault,F54,,,,
Fault,F55,,,,
Fault,F56,,,,
Fault,F57,,,,
Fault,F58,,,,
Fault,F63,,,,
Fault,F64,,,,
Fault,F65,,,,
Fault,F66,,,,
Fault,F67,,,,
Fault,F68,,,,
Fault,F69,,,,
Fault,F70,,,,
Fault,F71,,,,
Fault,F72,,,,
Fault,F73,,,,
Fault,F74,,,,
Fault,F75,,,,
Fault,F76,,,,
Fault,F77,,,,
Fault,F78,,,,
Fault,F82,,,,
Fault,F83,,,,
Fault,F84,,,,
Fault,F85,,,,
Fault,F86,,,,
Fault,F87,,,,
Fault,F88,,,,
Fault,F89,,,,
Fault,F90,,,,
Fault,F91,,,,
Fault,F92,,,,
Fault,F93,,,,
Fault,F94,,,,
Fault,F95,,,,
Fault,F96,,,,
Fault,F98,,,,
Fault,F99,,,,
Fault,F100,,,,
Fault,F102,,,,
Fault,F103,,,,
Fault,F104,,,,
Fault,F108,,,,
F2,F6,,,,
F3,F7,,,,
F4,F40,,,,
F5,F54,,,,
F6,F100,,,,
F7,F2,,,,
F8,F7,,,,
F9,F5,,,,
F10,F2,,,,
F11,F3,,,,
F12,F104,,,,
F13,F106,,,,
F14,F100,,,,
F15,F105,,,,
F16,F105,,,,
F17,F9,,,,
F18,F11,,,,
F19,F70,,,,
F20,F43,,,,
F21,F8,,,,
F22,F11,,,,
F23,F19,,,,
F24,F16,,,,
F25,F17,,,,
F26,F0,,,,
F27,F28,,,,
F28,F80,,,,
F29,F81,,,,
F30,F22,,,,
F31,F4,,,,
F32,F23,,,,
F33,F42,,,,
F34,F52,,,,
F35,F53,,,,
F36,F64,,,,
F37,F92,,,,
F38,F96,,,,
F39,F42,,,,
F40,F58,,,,
F41,F61,,,,
F42,F62,,,,
F43,F91,,,,
F44,F93,,,,
F45,F96,,,,
F46,F42,,,,
F47,F49,,,,
F48,F59,,,,
F49,F79,,,,
F50,F80,,,,
F51,F30,,,,
F52,F31,,,,
F53,F106,,,,
F54,F39,,,,
F55,F23,,,,
F56,F79,,,,
F57,F84,,,,
F58,F99,,,,
F59,F106,,,,
F60,F92,,,,
F61,F93,,,,
F62,F94,,,,
F63,F107,,,,
F64,F3,,,,
F65,F19,,,,
F66,F50,,,,
F67,F50,,,,
F68,F52,,,,
F69,F64,,,,
F70,F51,,,,
F71,F53,,,,
F72,F97,,,,
F73,F26,,,,
F74,F19,,,,
F75,F60,,,,
F76,F91,,,,
F77,F27,,,,
F78,F61,,,,
F79,F62,,,,
F80,F26,,,,
F81,F26,,,,
F82,F65,,,,
F83,F26,,,,
F84,F71,,,,
F85,F75,,,,
F86,F26,,,,
F87,F3,,,,
F88,F82,,,,
F89,F90,,,,
F90,F94,,,,
F91,F98,,,,
F92,F81,,,,
F93,F90,,,,
F94,F96,,,,
F95,F0,,,,
F96,F2,,,,
F97,F79,,,,
F98,F27,,,,
F99,F41,,,,
F100,F58,,,,
F101,F27,,,,
F102,F62,,,,
F103,F58,,,,
F104,F61,,,,
F105,F101,,,,
F106,F102,,,,
F107,F103,,,,
F108,F59,,,,
F109,F2,,,,
F110,F101,,,,
